List of Listed Companies & Contact Information,,,,,,As of 16 Jun 2025,,,
Symbol,Company,Market,Industry,Sector,Address,Zip code,Tel.,Fax,Website
SE,SIAMEAST SOLUTIONS PUBLIC COMPANY LIMITED,SET,Industrials,Industrial Materials & Machinery,"15/1 Highway-Rayong No.3191 Road, T. Huey-Pong, A. Muangrayong Rayong",21150,0-3868-2540,0-3868-2539,www.siameastsolutions.com
SEAFCO,SEAFCO PUBLIC COMPANY LIMITED,SET,Property & Construction,Construction Services,"144 PHAYASUREN ROAD, BANGCHAN, KHLONG SAM WA Bangkok",10510,"0-2919-3354-6, 0-2919-0090-7","0-2919-0098, 0-2518-3088",http://seafco.co.th
SEAOIL,SEA OIL PUBLIC COMPANY LIMITED,SET,Resources,Energy & Utilities,"88 Soi Bangna-Trad 30, Debaratna Road, Bangna-Tai, Bangna Bangkok",10260,0-2398-9850-1,0-2398-9852,www.seaoilthailand.com
SECURE,NFORCE SECURE PUBLIC COMPANY LIMITED,mai,Technology,-,"9/2 The Synchronized, Soi Ratchadapisek 18, Ratchadapisek Road, Huaikhwang Bangkok",10310,0-2274-0984,-,www.nforcesecure.com
SE-ED,SE-EDUCATION PUBLIC COMPANY LIMITED,SET,Services,Media & Publishing,"1858/87-90 Debaratna Road, Bangna Tai, Bangna Bangkok",10260,0-2826-8000,0-2826-8999,www.se-ed.com
SEI,"SEI MEDICAL PUBLIC CO., LTD.",mai,Consumer Products,-,"546 Ratchada One Building, Floor 7 th, Ratchadaphisek Road, ChanKasem, Chatuchak Bangkok",10900,0-2561-3691-3,0-2561-3694,www.sei.co.th
SELIC,SELIC CORP PUBLIC COMPANY LIMITED,SET,Industrials,Industrial Materials & Machinery,"270 Liapkhlongphasicharoenfangtai Road, Nongkhaem Bangkok",10160,0-2807-3347-9,0-2807-9453,http://seliccorp.com/
SENA,SENADEVELOPMENT PUBLIC COMPANY LIMITED,SET,Property & Construction,Property Development,"448 Thanyalakpark Building, Ratchadapisek 26, Khwaeng Samsen Nok, Khet Huai Khwang Bangkok",10310,02-541-4642,02-541-5164,www.sena.co.th
SENX,SEN X PUBLIC COMPANY LIMITED,mai,Property & Construction,-,"No.542, Senafest Shopping Center Building, 1 floor Charoen Nakhon Road, Khlong Ton Sai Subdistrict Khlong San District Bangkok",10600,0-2897-8888,0-2897-8822,http://www.senxgroup.com
SFLEX,STARFLEX PUBLIC COMPANY LIMITED,SET,Industrials,Packaging,"189/48-49 Moo 3, Bangprieng, Bangbo Samut Prakarn",10560,0-2708-2555,0-2708-2355,www.starflex.co.th
SFT,SHRINKFLEX (THAILAND) PUBLIC COMPANY LIMITED,mai,Industrial,-,"88/8 Moo 12, Bangpakong, Bangpakong, Chachoengsao Chacherngsao",24130,0-3808-6483,-,www.shrinkflexthailand.com
SGC,SG Capital Public Company Limited,SET,Financials,Finance & Securities,"72 NT Bangrak Tower, 20 Fl. Charoen Krung Rd. Bang Rak, Bang Rak Bangkok",10500,0-2028-2828,-,www.sgcapital.co.th
SGF,SGF CAPITAL PUBLIC COMPANY LIMITED,mai,Financials,-,"No. 121, 4th Floor, WTH holding building, Vibhavadi Rangsit Road, Samsennai,Phyathai Bangkok",10400,0-2232-1789,0-2232-1790,www.sgfcap.com
SGP,SIAMGAS AND PETROCHEMICALS PUBLIC COMPANY LIMITED,SET,Resources,Energy & Utilities,"553 The Palladium Tower A, Floor 30, Ratchaprarop Road, Makkasan, Rajthevee Bangkok",10400,0-2120-9999,0-2250-6008,www.siamgas.com
SHANG,SHANGRI-LA HOTEL PUBLIC COMPANY LIMITED,SET,Services,Tourism & Leisure,"89 SOI WATSUANPHLU, NEW ROAD, BANG RAK Bangkok",10500,0-2236-7777,0-2236-8579,www.shangri-la.com
SHR,S HOTELS AND RESORTS PUBLIC COMPANY LIMITED,SET,Services,Tourism & Leisure,"123 Suntower Building B, 10th Floor, Vibhavadi-Rangsit Rd., Chom Phon, Chatuchack Bangkok",10900,0-2617-6467,-,http://www.shotelsresorts.com
SIAM,SIAM STEEL INTERNATIONAL PUBLIC COMPANY LIMITED,SET,Consumer Products,Home & Office Products,"51 PUCHAOSAMINGPHRAI ROAD, AMPHOE PHRA PRA DAENG, Samut Prakarn",10130,"0-2384-2876, 0-2384-3000, 0-2384-3040",0-2384-2330,http://www.siamsteel.com
SICT,SILICON CRAFT TECHNOLOGY PUBLIC COMPANY LIMITED,mai,Technology,-,"No. 40 Thetsabanrangsannua Rd., Ladyao, Chatuchak Bangkok",10900,0-2589-9991,0-2589-8881,www.sic.co.th
SIMAT,SIMAT TECHNOLOGIES PUBLIC COMPANY LIMITED,mai,Technology,-,"123/143-144 Chalongkrung Road, Lamplatew, Ladkrabang Bangkok",10520,0-2326-0999,0-2326-1666,www.simat.co.th
SINGER,SINGER THAILAND PUBLIC COMPANY LIMITED,SET,Services,Commerce,"CAT TELECOM TOWER, FLOOR 17, 72 CHAROEN KRUNG ROAD BANG RAK Bangkok",10500,0-2352-4777,0-2352-4799,www.singerthai.co.th
SINO,Sino Logistics Corporation Public Company Limited,SET,Services,Transportation & Logistics,"No. 1011 Supalai Grand Tower 7th Floor Unit 05, Rama 3 Road, Chongnonsee, Yannawa Bangkok",10120,0-2687-0477,0-2687-0486,www.sinologistics.co.th
SIRI,SANSIRI PUBLIC COMPANY LIMITED,SET,Property & Construction,Property Development,"Siri Campus Building 59 Soi Rim Khlong Phra Khanong, Phra Khanong Nuea, Vadhana Bangkok",10110,0-2027-7888,0-2109-5479,http://www.sansiri.com
SIRIPRT,Siripinyo Real Estate Investment Trust,SET,Property & Construction,Property Fund & REITs,"90 Moo 1, Soi Siam Silo, Pu Chao Saming Phrai Road, Samrong Klang Subdistrict, Phra Pradaeng District Samut Prakarn",10130,0-2183-4567,-,-
SIS,SIS DISTRIBUTION (THAILAND) PUBLIC COMPANY LIMITED,SET,Technology,Information & Communication Technology,"9 Pakin Building, 9th Floor, Room No.901, Ratchadaphisek Road, Din Daeng Bangkok",10400,0-2020-3000,0-2020-3780,www.sisthai.com
SISB,SISB PUBLIC COMPANY LIMITED,SET,Services,Professional Services,"498/12 Soi Ramkhamhaeng 39 (Tepleela 1), Wangthonglang, Wangthonglang Bangkok",10310,0-2158-9072,0-2158-9091,http://www.sisb.ac.th
SITHAI,SRITHAI SUPERWARE PUBLIC COMPANY LIMITED,SET,Industrials,Packaging,"15 Suksawat Road, Soi 36, Bangpakok, Rasburana Bangkok",10140,0-2427-0088,"0-2427-7168, 0-2428-4418",www.srithaisuperware.com
SJWD,SCGJWD LOGISTICS PUBLIC COMPANY LIMITED,SET,Services,Transportation & Logistics,"36 Krungthep Kreetha Rd., Huamark, Bangkapi Bangkok",10240,0-2710-4000,0-2710-4009,www.scgjwd.com
SK,SIRAKORN PUBLIC COMPANY LIMITED,mai,Property & Construction,-,"53/35 Village No.8, Bangkrang Sub-district, Mueng Nonthaburi Nonthaburi",11000,0-2035-7100-3,0-2035-7104-5,http://www.sirakorn.co.th
SKE,SAKOL ENERGY PUBLIC COMPANY LIMITED,SET,Resources,Energy & Utilities,"15 Moo 1, Chiang Rak Noi, Samkhok Pathum Thani",12160,0-2026-3451,0-2026-3452,www.sakolenergy.com
SKN,S.KIJCHAI ENTERPRISE PUBLIC COMPANY LIMITED,SET,Property & Construction,Construction Materials,"Moo 7 Huaiyang, Klaeng Rayong",21110,0-3892-8188,0-3892-8189,http://www.skn.co.th
SKR,SIKARIN PUBLIC COMPANY LIMITED,SET,Services,Health Care Services,"976 Lasalle Road, Bangnatai, Bangna Bangkok",10260,-,-,http://www.sikarin.com
SKY,SKY ICT PUBLIC COMPANY LIMITED,SET,Technology,Information & Communication Technology,"No. 55, 6-7th Floor, A.A. Capital Ratchada Building, Ratchadapisek Road, Dindaeng, Dindaeng Bangkok",10400,0-2029-7888,0-2029-7879,www.skyict.co.th
SLP,SALEE PRINTING PUBLIC COMPANY LIMITED,SET,Industrials,Packaging,"19 Moo 10, Tumbol Klong 4, Klong Luang Pathum Thani",12120,0-2529-6000,0-2529-6010-11,www.saleeprinting.com
SM,STAR MONEY PUBLIC COMPANY LIMITED,SET,Financials,Finance & Securities,"204/1-8 Sukhumwit Road, Thang Kwian, Klaeng Rayong",21110,06-1393-9988,-,www.starmoney.co.th
SMART,SMART CONCRETE PUBLIC COMPANY LIMITED,mai,Property & Construction,-,"11 Moo 9. Banbueng Road, Subdistrict Nung-Irun, District Banbueng Chonburi",20220,0-3844-2500,0-3844-2521,www.smartblock.co.th
SMD100,SMD RISE PUBLIC COMPANY LIMITED,mai,Consumer Products,-,"222, 222/1-2 M.1 West Inn Complex 10 Fl. Soi - Rattanathibet Rd., Bang Rak Yai, Bang Bua Thong Nonthaburi",11110,"0-2527-8075-8, 0-2966-6467-8",0-2966-6471,www.smdrise.com
SMIT,SAHAMIT MACHINERY PUBLIC COMPANY LIMITED,SET,Industrials,Steel and Metal Products,"42, 48 SOI CHOKCHAIJONGJUMROEN, RAMA 3 ROAD, YAN NAWA Bangkok",10120,"0-2295-1000-8, 0-2295-1901-9","0-2295-1009, 0-2295-1020",www.sahamit.co.th
SMPC,SAHAMITR PRESSURE CONTAINER PUBLIC COMPANY LIMITED,SET,Industrials,Packaging,"92 Soi Thientalay 7 Yak 4, Bangkhunthien-Chaitalay Road, Samaedam, Bangkhunthien Bangkok",10150,"0-2895-4139-58, 0-2416-5568-9","0-2416-5534, 0-2895-4163",www.smpcplc.com
SMT,STARS MICROELECTRONICS (THAILAND) PUBLIC COMPANY LIMITED,SET,Technology,Electronic Components,"586 Moo 2, Bang Pa-In Industrial Estate, Klongjig, Bang Pa-In Ayutthya",13160,0-3525-8555,0-3522-1778,www.starsmicro.com
SNC,SNC FORMER PUBLIC COMPANY LIMITED,SET,Industrials,Industrial Materials & Machinery,"333/3 Moo 6, Bangpreang District, Amphur Bangbo Samut Prakarn",10560,"0-2108-0360-61,0-2108-0370-72",-,http://www.sncformer.com
SNNP,SRINANAPORN MARKETING PUBLIC COMPANY LIMITED,SET,Agro & Food Industry,Food & Beverage,"325/6-9 Soi Lanluang 7, Si Yaek Mahanak Sub-district, Dusit District Bangkok",10300,0-2628-0408,0-2281-5161,https://www.snnp.co.th/
SNP,S & P SYNDICATE PUBLIC COMPANY LIMITED,SET,Agro & Food Industry,Food & Beverage,"2034/100-103, 23rd Floor, Ital Thai Tower, New Petchburi Road, Bangkapi, Huaykwang Bangkok",10310,0-2785-4000,0-2785-4040,www.snpfood.com
SNPS,Specialty Natural Products Public Company Limited,SET,Consumer Products,Personal Products & Pharmaceuticals,"700/364 Moo 6, Nongmaidang Chonburi",20000,0-3845-8698,0-3845-8697,www.snpspcl.com
SO,SIAMRAJATHANEE PUBLIC COMPANY LIMITED,SET,Services,Professional Services,"329 Moo 10 Kuson Song Samakkhi Soi 1 Old Railway Road, Samrong, Phrapradaeng Samut Prakarn",10130,0-2363-9300,0-2363-9377,https://www.siamrajathanee.com/page-for-ir/
SOLAR,SOLARTRON PUBLIC COMPANY LIMITED,SET,Property & Construction,Construction Services,"77/31,32,33 Chaengwattana 15, Intersection 2, Thung Song Hong, Lak Si Bangkok",10210,0-2055-9101-3,0-2055-9104,http://www.solartron.co.th
SONIC,SONIC INTERFREIGHT PUBLIC COMPANY LIMITED,mai,Services,-,"79/349,350 1st, 2nd floor, Sathupradit Rd., Chongnonsee, Yannawa Bangkok",10120,0-2213-2999,0-2213-2533,www.sonic.co.th
SORKON,S. KHONKAEN FOODS PUBLIC COMPANY LIMITED,SET,Agro & Food Industry,Food & Beverage,"259/13 SOI PRIDI BANOMYONG 13, SUKHUMVIT 71 ROAD, WATTHANA Bangkok",10110,0-2391-1010,0-2391-1792,http://www.sorkon.co.th
SPA,SIAM WELLNESS GROUP PUBLIC COMPANY LIMITED,SET,Services,Tourism & Leisure,"565, 567 B.U. Place Building, 22nd Floor, Soi Suthiporn Prachasongkroh Road, Dindaeng Sub-district, Dindaeng District Bangkok",10400,0-2641-6619-20,0-2641-6621,http://www.siamwellnessgroup.com
SPACK,S. PACK & PRINT PUBLIC COMPANY LIMITED,SET,Industrials,Packaging,"119 MOO 1, KARNCHANAVANICH ROAD, TAMBOL TAKARM, AMPHOE HAT YAI Songkhla",90110,0-7426-0602-9,"0-7426-0600-1,0-7444-7128",www.spack.co.th
SPALI,SUPALAI PUBLIC COMPANY LIMITED,SET,Property & Construction,Property Development,"SUPALAI GRAND TOWER, 1011 RAMA 3 ROAD, CHONGNONSEE, YAN NAWA Bangkok",10120,0-2725-8888,0-2683-2177,http://www.supalai.com
SPC,SAHA PATHANAPIBUL PUBLIC COMPANY LIMITED,SET,Services,Commerce,"2156 NEW PETCHBURI ROAD, BANG KAPI, HUAI KHWANG Bangkok",10310,0-2318-0062,0-2319-1678,www.sahapat.co.th
SPCG,SPCG PUBLIC COMPANY LIMITED,SET,Resources,Energy & Utilities,"No. 1 Capital Work Place Building 10th Fl. Soi Jamjan, Klongton Nua, Wattana Bangkok",10110,0-2011-8100-10,0-2011-8112,www.spcg.co.th
SPG,THE SIAM PAN GROUP PUBLIC COMPANY LIMITED,SET,Industrials,Automotive,"488 NAKORNSAWAN ROAD, SIYAKMAHANAK, DUSIT, Bangkok",10300,0-2280-0202-17,0-2280-6305,http://www.siampangroup.com
SPI,SAHA PATHANA INTER-HOLDING PUBLIC COMPANY LIMITED,SET,Services,Commerce,"530 SOI SATHUPRADIT 58, BANGPONGPANG, YAN NAWA Bangkok",10120,0-2293-0030-9,0-2293-0040,www.spi.co.th
SPRC,STAR PETROLEUM REFINING PUBLIC COMPANY LIMITED,SET,Resources,Energy & Utilities,"No.1, I-3B Road, Map Ta Phut, Muang Rayong Rayong",21150,0-3869-9000,0-3869-9999,www.sprc.co.th
SPREME,Supreme Distribution Public Company Limited,SET,Technology,Information & Communication Technology,"No. 2/1 Soi Pradit Manutham 5, Pradit Manutham Road, Tha Raeng Sub-district, Bang Khen District Bangkok",10230,0-2943-8182,0-2943-8191,www.supreme.co.th
SPRIME,S PRIME GROWTH LEASEHOLD REAL ESTATE INVESTMENT TRUST,SET,Property & Construction,Property Fund & REITs,"No. 123 Vibhavadi Rangsit Road, 37th Floor, Suntowers B, Chom Phon Sub-District, Chatuchak District Bangkok",10900,"0-2617-6465,0-2050-5555-259",-,-
SPVI,S P V I PUBLIC COMPANY LIMITED,mai,Technology,-,"2 Premier Place Building, 1st Floor Zone A, 3rd Floor Zone A , Zone B , Soi Premier 2, Srinakarin Rd., Kwaneng Nongbon, Khet Prawet Bangkok",10250,0-2559-2901-10,0-2559-2488,http://www.spvi.co.th
SQ,SAHAKOL EQUIPMENT PUBLIC COMPANY LIMITED,SET,Property & Construction,Construction Services,47/10 Soi Amorphan 4 Vibhavadirangsit Road Chatuchak Bangkok,10900,0-2941-0888,0-2941-0881,www.sahakol.com
SR,SIAMRAJ PUBLIC COMPANY LIMITED,mai,Resources,-,"289/9 Moo10 Old Railway Road, Samrong, Phrapradaeng Samut Prakarn",10130,0-2743-5010-25,0-2743-5007-8,www.siamrajplc.com
SRICHA,SRIRACHA CONSTRUCTION PUBLIC COMPANY LIMITED,SET,Property & Construction,Construction Services,"97 Moo 3, Surasak, Sriracha Chonburi",20110,0-3831-7555,0-3831-7577,www.sricha.com
SRIPANWA,SRI PANWA HOSPITALITY REAL ESTATE INVESTMENT TRUST,SET,Property & Construction,Property Fund & REITs,"2922/198 10thFl., Charn Issara Tower II, New Petchburi Road, Bangkapi, Huay Kwang Bangkok",10310,0-2308-2022,0-2308-2022,www.cireit.com
SRS,SIRISOFT PUBLIC COMPANY LIMITED,mai,Technology,-,"89 AIA Capital Center Building, 15th Floor, Ratchadaphisek Road, Din Daeng Bangkok",10400,"0-2006-5397,0-2006-3098",-,https://www.sirisoft.co.th/
SSF,SURAPON FOODS PUBLIC COMPANY LIMITED,SET,Agro & Food Industry,Food & Beverage,"247 MOO 1, THEPARAK ROAD, THEPARAK, AMPHOE MUANG Samut Prakarn",10270,0-2385-3038-54,"0-2385-3176, 0-2385-3179",www.surapon.com
SSP,SERMSANG POWER CORPORATION PUBLIC COMPANY LIMITED,SET,Resources,Energy & Utilities,"325/14 Lanluang Rd., Mahanak Square, Dusit Bangkok",10300,0-2628-0991-2,0-2628-0993,www.sermsang.com
SSPF,SALA @ SATHORN PROPERTY FUND,SET,Property & Construction,Property Fund & REITs,"898 Ploenchit Tower, 1-2nd Floor Zone A and 12th Floor, Ploenchit Road, Lumpini, Pathumwan Bangkok",10330,0-2657-5757,-,-
SSSC,SIAM STEEL SERVICE CENTER PUBLIC COMPANY LIMITED,SET,Industrials,Steel and Metal Products,"51/3 MOO 2, PUCHAOSAMINGPHRAI ROAD, PHRA PRA DAENG Samut Prakarn",10130,"0-2385-9251-2, 0-2385-9258-66, 0-2754-5845-9","0-2385-9241, 0-2385-9253",http://www.ssscth.com
SST,SUB SRI THAI PUBLIC COMPANY LIMITED,SET,Agro & Food Industry,Food & Beverage,"206, Plaza Building, 4th Floor, Soi Pattanakarn 20, Suan Luang Sub-District, Suan Luang District Bangkok",10250,0-2318-5514-5,-,http://www.subsrithai.co.th
SSTRT,SUB SRI THAI REAL ESTATE INVESTMENT TRUST,SET,Property & Construction,Property Fund & REITs,"206, Plaza Building, 4th Floor, Soi Pattanakarn 20, Suan Luang Sub-District, Suan Luang District Bangkok",10250,0-2318-5514-5,-,www.sstrm.co.th
STA,SRI TRANG AGRO-INDUSTRY PUBLIC COMPANY LIMITED,SET,Agro & Food Industry,Agribusiness,"10 SOI 10 PETCHKASEM ROAD, HAT YAI, Songkhla",90110,0-7434-4663,"0-7434-4676, 0-7434-4677, 0-7423-7423",www.sritranggroup.com
STANLY,THAI STANLEY ELECTRIC PUBLIC COMPANY LIMITED,SET,Industrials,Automotive,"29/3 MOO 1, BANGPHUN-RANGSIT ROAD, AMPHOE MUANG Pathum Thani",12000,0-2581-5462,0-2581-5397,www.thaistanley.com
STC,STC CONCRETE PRODUCT PUBLIC COMPANY LIMITED,mai,Property & Construction,-,"220/26 Moo 6, Sukhumvit Road, Nakluea Sub-District, Banglamung District Chonburi",20150,0-3842-3115-6,0-3842-6519,http://www.stc.co.th/
STECH,SIAM TECHNIC CONCRETE PUBLIC COMPANY LIMITED,SET,Property & Construction,Construction Materials,"No. 50 Soi Ngam Wong Wan 47, Intersection 20, Ngam Wong Wan Road, Thungsonghong Sub-district, Laksi District Bangkok",10210,0-2589-3888,0-2589-8911,www.stec.co.th
STECON,STECON GROUP PUBLIC COMPANY LIMITED,SET,Property & Construction,Construction Services,"32/59-32/60 Sino-Thai Tower 29th ? 30th Floor Sukhumvit 21 Road (Soi Asoke) Khlong Toei Nuea, Watthana Bangkok",10110,0-2260-1321,-,https://www.stecongroup.co.th
STELLA,STELLA X PUBLIC COMPANY LIMITED,SET,Property & Construction,Property Development,"No. 2922/209 Charn Issara Tower 2, 13th floor (12 A) New Petchburi Road, Bangkapi, Huay Kwang Bangkok",10310,0-2030-1399,-,www.nusasiri.com
STGT,SRI TRANG GLOVES (THAILAND) PUBLIC COMPANY LIMITED,SET,Consumer Products,Personal Products & Pharmaceuticals,"No. 110 Kanjanavanit Road, Pahtong, Hat Yai Songkhla",90230,0-2207-4500,0-2108-2241-44,www.sritranggloves.com
STI,STONEHENGE INTER PUBLIC COMPANY LIMITED,SET,Property & Construction,Construction Services,"163 Soi Chokchai Ruamitr (Ratchada 19), Dindaeng Sub-district, Dindaeng District Bangkok",10400,0-2690-7462,0-2690-7463,www.sti.co.th
STOWER,SKY TOWER PUBLIC COMPANY LIMITED,mai,Resources,-,"No.247 Romklow Road, Saensaeb, Minburi Bangkok",10510,0-2543-9020-8,0-2543-9029,www.skytower.co.th
STP,SAHATHAI PRINTING & PACKAGING PUBLIC COMPANY LIMITED,mai,Industrial,-,"200/1 Soi Jaransanitwong 42, Bangyeekhan, Bangplad Bangkok",10700,0-2423-0051-2,0-2424-7027,http://sahathaiprinting.com
STPI,STP&I PUBLIC COMPANY LIMITED,SET,Property & Construction,Construction Services,"32/24 Sino-Thai Tower, 3rd Floor, Sukhumvit 21 Road ( Asoke), Klongtoey Nua, Wattana Bangkok",10110,0-2260 -1181,0-2260 -1182,www.stpi.co.th
STX,Stone One Public Company Limited,mai,Property & Construction,-,"29 Bangkok Business Center Building, 14th floor, Sukhumvit 63 Road, Khwaeng Khlongton Nua, Khet Wattana Bangkok",10110,0-2391-9301,0-2391-9302,https://www.stoneone.co.th
SUC,SAHA-UNION PUBLIC COMPANY LIMITED,SET,Consumer Products,Fashion,"1828 SUKHUMVIT ROAD, PHRAKHANONG TAI, PHRAKHANONG Bangkok",10260,0-2311-5111-9,0-2311-6867,www.sahaunion.co.th
SUN,SUNSWEET PUBLIC COMPANY LIMITED,SET,Agro & Food Industry,Food & Beverage,"No. 9 Moo 1, Tambon Thung Satok, Amphoe San Pa Tong Chiang Mai",50120,0-5310-6538-40,0-5310-6541,www.sunsweetthai.com
SUPER,SUPER ENERGY CORPORATION PUBLIC COMPANY LIMITED,SET,Resources,Energy & Utilities,"223/61 Country Complex Tower, Building A, 14th Floor, Sanphawut Road, Bangna Tai, Bangna Bangkok",10260,0-2361-5599,0-2361-5036,www.supercorp.co.th
SUPEREIF,SUPER ENERGY POWER PLANT INFRASTRUCTURE FUND,SET,Resources,Energy & Utilities,"175 Sathorn City Tower, 7th , 21st and 26th Floor, South Sathorn Road, ThungMahamek Sub-district, Sathorn District Bangkok",10120,0-2674-6488,0-2679-5996,http://www.supereif.com
SUSCO,SUSCO PUBLIC COMPANY LIMITED,SET,Resources,Energy & Utilities,"139 Ratburana Road, Bangpakok, Ratburana, Bangkok",10140,0-2428-0029,"0-2427-6270, 0-2427-6460",www.susco.co.th
SUTHA,GOLDEN LIME PUBLIC COMPANY LIMITED,SET,Industrials,Petrochemicals & Chemicals,"No. 89 Cosmo Office Park, 6th Floor, Unit H, Popular Road, Banmai Sub-district, Pakkret District, Nonthaburi",11120,0-2017-7461-3,0-2017-7460,www.goldenlime.co.th
SVI,SVI PUBLIC COMPANY LIMITED,SET,Technology,Electronic Components,"No. 141-142 Moo 5, Tiwanon Road Bangkadi, Muang Pathum Thani",12000,0-2105-0456,0-2105-0466,www.svi.co.th
SVOA,SVOA PUBLIC COMPANY LIMITED,SET,Technology,Information & Communication Technology,"No. 1023, MS Siam Tower, 31st Floor, Rama 3 Road, Chong Nonsi, Yannawa Bangkok",10120,0-2686-3000,0-2682-6300,www.svoa.co.th
SVR,SIVAROM REAL ESTATE PUBLIC COMPANY LIMITED,mai,Property & Construction,-,"662/45 Rama III Rd, Bangphongphang, Yannawa Bangkok",10120,02-295-3361,-,www.sivarom.co.th
SVT,SUN VENDING TECHNOLOGY PUBLIC COMPANY LIMITED,SET,Services,Commerce,"No. 34, Krung Thep Kritha Road, Hua Mak, Bang Kapi Bangkok",10240,0-2295-4284,0-2683-6548,www.sunvending.co.th
SWC,SHERWOOD CORPORATION (THAILAND) PUBLIC COMPANY LIMITED,mai,Industrial,-,"1252 True Tower 2, Building No.1, 2nd Floor, Pattanakarn Road, Suan Luang Sub-District, Suan Luang District Bangkok",10250,0-2320-2288,0-2320-2670,www.sherwood.co.th
SYMC,SYMPHONY COMMUNICATION PUBLIC COMPANY LIMITED,SET,Technology,Information & Communication Technology,"123 Suntowers Building B 35th ? 36th fl. Vibhavadee Rangsit Rd., Chomphon, Chatuchak Bangkok",10900,0-2101-1111,0-2101-1133,www.symphony.net.th
SYNEX,SYNNEX (THAILAND) PUBLIC COMPANY LIMITED,SET,Technology,Information & Communication Technology,"No. 433, Sukontasawat Road Khwang Lardprao, Khet Lardprao Bangkok",10230,0-2553-8888,0-2578-8181,http://www.synnex.co.th
SYNTEC,SYNTEC CONSTRUCTION PUBLIC COMPANY LIMITED,SET,Property & Construction,Construction Services,"555/7-11 SUKHUMVIT 63 ROAD, KHLONG TON NUA, WATTHANA Bangkok",10110,0-2381-6333,0-2711-5183,www.synteccon.com
TACC,T.A.C. CONSUMER PUBLIC COMPANY LIMITED,mai,Agro & Food Industry,-,"9/231-233, UM Tower, 23rd Floor, Ramkhamhaeng Road, Suanluang Bangkok",10250,0-2717-2898,0-2717-2899,www.tacconsumer.com
TAE,THAI AGRO ENERGY PUBLIC COMPANY LIMITED,SET,Resources,Energy & Utilities,"888/114 Mahatun Plaza bldg., 11th floor, Ploenchit Road, Lumpini, Pathumwan Bangkok",10330,0-2627-3890-4,0-2627-3889,www.thaiagroenergy.com
TAKUNI,TAKUNI GROUP PUBLIC COMPANY LIMITED,mai,Resources,-,"No. 46/7, Rungrojthanakul Building A, Floor 12, Ratchadaphisek Road, HuaiKhwang, HuaiKhwang Bangkok",10310,0-2455-2888,0-2455-2763,www.takunigroup.com
TAN,Tanachira Retail Corporation Public Company Limited,SET,Services,Commerce,"999/9 The Office at Central World, Room OFMH2807 and OFMH 2812, Floor 28, Rama I Road, Patumwan Sub-district, Patumwan District Bangkok",10330,0-2264-5081,-,www.tanachira.co.th
TAPAC,TAPACO PUBLIC COMPANY LIMITED,mai,Property & Construction,-,"789/40 MOO 1, TAMBOL NONG KHAM, AMPHOE SI RACHA Chonburi",20230,0-3829-6339-41,0-3829-6342,www.tapaco.com
TASCO,TIPCO ASPHALT PUBLIC COMPANY LIMITED,SET,Property & Construction,Construction Materials,"118/1 RAMA VI ROAD, PHAYA THAI SUB-DISTRICT, PHAYA THAI DISTRICT Bangkok",10400,0-2273-6000,0-2273-6030,http://www.tipcoasphalt.com
TATG,THAI AUTO TOOLS AND DIE PUBLIC COMPANY LIMITED,mai,Industrial,-,"45/6, 45/9 Moo 11, Khubangluang Subdistrict, Latlumkaeo District Pathum Thani",12140,0-2598-3876-9,-,www.thaiautotools.co.th
TBN,TBN Corporation Public Company Limited,mai,Technology,-,"54 Bangkok Business Building, Fl. 15, Room No. 1501-1502 Sukhumvit 21 (Asoke) Road, Klong Toey Nua, Wattana Bangkok",10110,0-2258-5841,0-2258-5842,www.tbn.co.th
TC,TROPICAL CANNING (THAILAND) PUBLIC COMPANY LIMITED,SET,Agro & Food Industry,Food & Beverage,"1/1 MOO 2, KANJANAWANIT ROAD, THUNGYAI, HAT YAI, Songkhla",90110,0-7427-3600,0-7427-3691-4,www.tropical.co.th
TCAP,THANACHART CAPITAL PUBLIC COMPANY LIMITED,SET,Financials,Banking,"444 MBK TOWER, FLOOR 16-17, PHAYATHAI ROAD, WANG MAI, PATHUM WAN Bangkok",10330,"0-2217-8000, 0-2217-8199, 0-2217-8444",0-2217-8312,www.thanachart.co.th
TCC,THAI CAPITAL CORPORATION PUBLIC COMPANY LIMITED,SET,Resources,Energy & Utilities,"87/2 CRC Tower 45th Fl., All Seasons Place, Wireless road, Lumpini, Pathumwan Bangkok",10330,0-2685-3600,0-2685-3607,www.thaicapital.co.th
TCJ,T.C.J. ASIA PUBLIC COMPANY LIMITED,SET,Industrials,Industrial Materials & Machinery,"3/4 MOO 9, BANGNA TRAD ROAD, K.M. 18, TAMBOL BANGCHALONG, AMPHOE BANG PHLI Samut Prakarn",10540,0-2312-6699,0-2312-6711,www.tcjasia.com
TCMC,TCM CORPORATION PUBLIC COMPANY LIMITED,SET,Consumer Products,Home & Office Products,"2054, New-Petchburi Road, Bangkapi Sub-district, Huaykwang District Bangkok",10310,0-2318-3960-2,0-2318-3962,www.tcm-corporation.com
TCOAT,THAI COATING INDUSTRIAL PUBLIC COMPANY LIMITED,SET,Industrials,Packaging,"99/9 MOO 8, 304 ROAD, NONGPHRONG, SRIMAHAPO, Prachinburi",25140,0-2464-3260-6,0-2463-5845,-
TEAM,TEAM PRECISION PUBLIC COMPANY LIMITED,SET,Technology,Electronic Components,"198 MOO 13, SUWANSORN ROAD, DONG-KHEE-LEK, MUEANG Prachinburi",25000,0-3740-3336-40,0-3740-3345,www.teampcba.com
TEAMG,TEAM CONSULTING ENGINEERING AND MANAGEMENT PUBLIC COMPANY LIMITED,SET,Property & Construction,Construction Services,"151 Nuan Chan Road, Nuan Chan, Bueng Kum Bangkok",10230,0-2509-9000,0-2509-9090,www.teamgroup.co.th
TEGH,Thai Eastern Group Holdings Public Company Limited,SET,Agro & Food Industry,Agribusiness,"No. 171 Moo 2 Chonburi-Klaeng Road, Khaosok Subdistrict, Nongyai District Chonburi",20190,0-3816-8555,0-3816-8560,www.thaieasterngroup.com
TEKA,TEKA CONSTRUCTION PUBLIC COMPANY LIMITED,SET,Property & Construction,Construction Services,"28 Soi Ngamwongwan 6, Bang Khen Sub-District, Muang Nonthaburi District Nonthaburi",11000,0-2965-9995,-,https://www.tekacon.com
TERA,Terabyte Plus Public Company Limited,mai,Technology,-,"230, CS Tower, 12th floor, Ratchadapisek Road, Huay Kwang Bangkok",10310,0-2692-8731 Ext. 4,0-2692-8738,https://www.terabyteplus.com
TFFIF,THAILAND FUTURE FUND,SET,Services,Transportation & Logistics,"1 Empire Tower, 32nd Floor, South Sathorn Road, Yan Nawa, Sathorn Bangkok",10120,0-2686-6100,0-2670-0430,www.tffif.com
TFG,THAIFOODS GROUP PUBLIC COMPANY LIMITED,SET,Agro & Food Industry,Food & Beverage,"1010 Shinawatra Tower 3,12th Fl., Viphavadi-Rangsit Road, Chatuchak Subdistrict, Chatuchak District Bangkok",10900,0-2513-8989,0-2513-9060,www.tfg.co.th
TFI,THAI FUTURE INCORPORATION PUBLIC COMPANY LIMITED,SET,Industrials,Packaging,"73/3 MOO 4, BANGNA-TRAT ROAD, KM 13, BANG PLEE Samut Prakarn",10540,"0-2316-9558 , 0-2750-1350-67","0-2316-9687,0-2316-6225",http://www.thaifutureinc.com
TFM,THAI UNION FEEDMILL PUBLIC COMPANY LIMITED,SET,Agro & Food Industry,Agribusiness,"89/1 Moo 2, Rama 2 Road, Kalong Subdistrict, Mueang District Samut Sakhon",74000,0-3441-7222,0-3441-7255,www.thaiunionfeedmill.com
TFMAMA,THAI PRESIDENT FOODS PUBLIC COMPANY LIMITED,SET,Agro & Food Industry,Food & Beverage,"304 Srinakarin Road, Huamark Subdistrict, Bangkapi District Bangkok",10240,0-2374-4730,0-2374-7743,http://www.mama.co.th
TGE,THACHANG GREEN ENERGY PUBLIC COMPANY LIMITED,SET,Resources,Energy & Utilities,"159, Moo 3, Tambon Tha Chang, Amphoe Tha Chang Surat Thani",84150,0-7727-7790,0-7727-7711,https://www.tge.co.th
TGH,THAI GROUP HOLDINGS PUBLIC COMPANY LIMITED,SET,Financials,Insurance,"315 Thai Group Building, 12th Floor, Silom Road, Silom, Bang Rak District Bangkok",10500,0-2632-1224,-,https://www.tgh.co.th
TGPRO,THAI-GERMAN PRODUCTS PUBLIC COMPANY LIMITED,SET,Industrials,Steel and Metal Products,"99 HUAYPONG-NONGBON ROAD, TAMBOL HUAYPONG, AMPHUR MUANG Rayong",21150,0-3860-6061-5,0-3860-6066,www.tgpro.co.th
TH,TONG HUA HOLDING PUBLIC COMPANY LIMITED,SET,Financials,Finance & Securities,"877-881 NEW ROAD, TALATNOI, SAMPHANTHAWONG, Bangkok",10100,0-2236-9171-6,0-2238-5286,www.thaizhonghua.com
THAI,THAI AIRWAYS INTERNATIONAL PUBLIC COMPANY LIMITED,SET,Services,Transportation & Logistics,"89 VIBHAVADI RANGSIT ROAD, CHATUCHAK Bangkok",10900,"0-2545-1000, 0-2025-1000",0-2513-0203,http://www.thaiairways.com
THANA,THANASIRI GROUP PUBLIC COMPANY LIMITED,mai,Property & Construction,-,"650, 652 Baromratchonnanee Road Bangbamru, Bangplad Bangkok",10700,0-2886-4888,0-2886-4878,http://www.thanasiri.com
THANI,RATCHTHANI LEASING PUBLIC COMPANY LIMITED,SET,Financials,Finance & Securities,"SINSATHORN TOWER, FLOOR 11 UP, 77/35-36 KRUNG THON BURI ROAD KHLONG TON SAI, KHLONG SAN Bangkok",10600,0-2431-9000,-,www.ratchthani.com
THCOM,THAICOM PUBLIC COMPANY LIMITED,SET,Technology,Information & Communication Technology,"349 SJ Infinite 1 Business Complex, 28th Floor, Vibhavadi Rangsit Road, Chompol Sub-district, Chatuchak District Bangkok",10900,0-2591-0736-49,"0-2591-0705, 0-2299-5252",www.thaicom.net
THE,THE STEEL PUBLIC COMPANY LIMITED,SET,Industrials,Steel and Metal Products,"1401 Ekkachai Road, Bangbon Tai Sub-district, Bangbon District Bangkok",10150,0-2894-8889-90,0-2408-0272-4,www.thesteel.co.th
THG,THONBURI HEALTHCARE GROUP PUBLIC COMPANY LIMITED,SET,Services,Health Care Services,"34/1 Soi Itsaraphap 44, Ban Chang Lo, Bangkok Noi Bangkok",10700,0-2487-2000,0-2159-0336,http://www.thg.co.th/
THIP,THANTAWAN INDUSTRY PUBLIC COMPANY LIMITED,SET,Industrials,Packaging,"123 VIBHAVADI RANGSIT ROAD, CHATUCHAK Bangkok",10900,0-2273-8333,0-2617-6868-70,www.thantawan.com
THMUI,THAI MUI CORPORATION PUBLIC COMPANY LIMITED,mai,Services,-,"759 Chareonkrung Road, Taladnoi, Sumphantawong Bangkok",10100,0-2235-2940-9,"0-2236-8336, 0-2639-4022",www.thaimui.co.th
THRE,THAI REINSURANCE PUBLIC COMPANY LIMITED,SET,Financials,Insurance,"100/3-4, Sathorn Nakorn Tower, 3rd ? 4th Floor, North Sathorn Road, Silom, Bang Rak Bangkok",10500,"0-2660-6111, 0-2666-8088","0-2660-6100, 0-2666-8080",www.thaire.co.th
THREL,THAIRE LIFE ASSURANCE PUBLIC COMPANY LIMITED,SET,Financials,Insurance,"92/7 Sathorn Thani 2 Building, 6th Floor, North Sathorn Road, Silom, Bangrak Bangkok",10500,0-2666-9000,0-2277-6227,www.thairelife.co.th
TIDLOR,TIDLOR HOLDINGS PUBLIC COMPANY LIMITED,SET,Financials,Finance & Securities,"428 Arii Hills, 15th Floor, Phaholyothin Road, Samsennai, Phayathai Bangkok",10400,08-8088-0880,-,-
TIF1,THAI INDUSTRIAL FUND 1,SET,Property & Construction,Property Fund & REITs,"989 Siam Piwat Tower, 9th, 24th Floor, Rama I Road, Pathumwan District Bangkok",10330,0-2659-8888,0-2659-8860-1,-
TIGER,THAI ENGER HOLDING PUBLIC COMPANY LIMITED,mai,Property & Construction,-,"88 Moo 4, Bangsi Thong, Bang Kruai Nonthaburi",11130,0-2886-7608,0-2886-7609,www.thaienger.com
TIPCO,TIPCO FOODS PUBLIC COMPANY LIMITED,SET,Agro & Food Industry,Food & Beverage,"118/1 Rama VI Road, Phaya Thai Sub-district, Phaya Thai District Bangkok",10400,0-273-6200,"0-2271-4304,0-2271-1600",http://www.tipco.net
TIPH,DHIPAYA GROUP HOLDINGS PUBLIC COMPANY LIMITED,SET,Financials,Insurance,"1115 Rama III Rd., Chong Nonsi, Yannawa Bangkok",10120,0-2239-2200,0-2239-2049,www.dhipayagroup.co.th
TISCO,TISCO FINANCIAL GROUP PUBLIC COMPANY LIMITED,SET,Financials,Banking,"No. 48/49 TISCO Tower, Fl.21, North Sathorn Road, Silom Sub-district, Bangrak District Bangkok",10500,0-2633-6888,0-2633-6880,http://www.tisco.co.th
TITLE,RHOM BHO PROPERTY PUBLIC COMPANY LIMITED,mai,Property & Construction,-,"444 - 444/1 Pracha Uthit Road, Huaykwang, Huaykwang District Bangkok",10310,0-2103-6444,0-2103-2444,www.thetitleresidence.com
TK,THITIKORN PUBLIC COMPANY LIMITED,SET,Financials,Finance & Securities,"69 RAMKHAMHAENG ROAD, HUAMAK, BANG KAPI Bangkok",10240,0-2310-7000,0-2318-3339,www.tk.co.th
TKC,TURNKEY COMMUNICATION SERVICES PUBLIC COMPANY LIMITED,SET,Technology,Information & Communication Technology,"44/44 Soi Vibhavadi Rangsit 60 Yaek 18-1-2, Talat Bang Khen Sub-district, Lak Si District Bangkok",10210,0-2401-8222,0-2940-9868,www.tkc-services.com
TKN,TAOKAENOI FOOD & MARKETING PUBLIC COMPANY LIMITED,SET,Agro & Food Industry,Food & Beverage,"No. 337, Bond Street, Bang Phut Sub-District, Pak Kret District Nonthaburi",11120,0-2984-0666,0-2984-0118,www.taokaenoi.co.th
TKS,T.K.S. TECHNOLOGIES PUBLIC COMPANY LIMITED,SET,Services,Media & Publishing,"30/88 MOO 1, CHETSADAWITHI ROAD, KHOKKAM, MUEANG Samut Sakhon",74000,0-2784-5888 (50 Lines),"0-2784-5858, 0-2784-5860",http://www.tks.co.th
TKT,T.KRUNGTHAI INDUSTRIES PUBLIC COMPANY LIMITED,SET,Industrials,Automotive,"23 SOI CHAN 43 YAK 21, TUNGWATDON, SATHON Bangkok",10120,"0-2211-2762, 0-2211-3732, 0-2212-4719",0-2212-4864,www.tkrungthai.com
TL,TECHLEAD NPN PUBLIC COMPANY LIMITED,SET,Agro & Food Industry,Agribusiness,"50 Chulabhorn Science Research Center Building, 60th Anniversary, Faculty of Science Kasetsart University, 5th Floor, Ngamwongwan Road, Ladyao Subdistrict, Chatuchak District Bangkok",10900,0-2028-8348,-,www.eternalenergy.co.th
TLHPF,THAILAND HOSPITALITY PROPERTY FUND,SET,Property & Construction,Property Fund & REITs,"989 Siam Piwat Tower, 9th, 24th Floor, Rama I Road, Pathumwan District Bangkok",10330,0-2659-8888,0-2659-8860-1,www.one-asset.com
TLI,THAI LIFE INSURANCE PUBLIC COMPANY LIMITED,SET,Financials,Insurance,"123 Thai Life Insurance Building, Ratchadaphisek Road, Din Daeng Bangkok",10400,0-2247-0247,0-2246-9946,http://www.thailife.com
TM,TECHNO MEDICAL PUBLIC COMPANY LIMITED,mai,Consumer Products,-,"29 Ladprao 92, Phlabphla, Wangthonglang Bangkok",10310,"0-2933-6112, 0-2933-6119",0-2933-9763,www.technomedical.co.th
TMAN,T.Man Pharmaceutical Public Company Limited,SET,Consumer Products,Personal Products & Pharmaceuticals,"69/1 Soi Bangkhunthian 14, Samaedum, Bangkhunthian Bangkok",10150,0-2415-1007,0-2416-1241,www.tmanpharmaceutical.com
TMC,T.M.C. INDUSTRIAL PUBLIC COMPANY LIMITED,mai,Industrial,-,"125/10 Moo 5 Bansuan Subdistrict, Muang District Chonburi",20000,0-3827-1933,0-3827-1931,www.tmc.co.th
TMD,THAI METAL DRUM MANUFACTURING PUBLIC COMPANY LIMITED,SET,Industrials,Packaging,"LAKE-RAJADA BLDG, FLOOR 35C,193/142 RAJADAPISEK ROAD, KHLONG TOEI, Bangkok",10110,0-2264-0817-9,0-2264-0820,www.thaimetaldrum.com
TMI,TEERA-MONGKOL INDUSTRY PUBLIC COMPANY LIMITED,mai,Industrial,-,"46/67-69 Soi Mang-Mee-sab, Moo 3, Leab Klong Siwapasawad Road, Kokkrabue, Muang Samut Sakhon",74000,0-3485-4629,0-3485-4630,www.thaiballast.com
TMILL,T S FLOUR MILL PUBLIC COMPANY LIMITED,mai,Agro & Food Industry,-,"90/9 Moo 1 Poochaosamingphrai Rd., Phrapradaeng Samut Prakarn",10130,0-2017-9999,"0-2017-9999 Ext.111,0-2017-9999 Ext. 222",www.tmill.co.th
TMT,TMT STEEL PUBLIC COMPANY LIMITED,SET,Industrials,Steel and Metal Products,"BANGKOK CITY TOWER, FLOOR 22, 179 SOUTH SATHORN ROAD, TUNG MAHAMEK, SATHON Bangkok",10120,0-2685-4000,0-2670-9090-2,www.tmtsteel.co.th
TMW,THAI MITSUWA PUBLIC COMPANY LIMITED,mai,Industrial,-,"31 MOO 2, LARD LUM KAEW ROAD, AMPHOE MUEANG Pathum Thani",12000,"0-2581-5558-60, 0-2581-2157-61","0-2581-6160, 0-2581-3796",http://www.thaimitsuwa.com
TNDT,THAI NONDESTRUCTIVE TESTING PUBLIC COMPANY LIMITED,mai,Services,-,"19 SOI SUANSON 8, RAMKHAMHAENG ROAD, HUAMARK, BANG KAPI Bangkok",10240,0-2735-0801,0-2735-1941,www.tndt.co.th
TNH,THAI NAKARIN HOSPITAL PUBLIC COMPANY LIMITED,mai,Services,-,"No. 345 Debaratna Rd., km.3.5 Bangna Nuea, Bangna Bangkok",10260,"0-2340-6488, 0-2340-6499, 0-2340-7777",0-2340-6431,www.thainakarin.co.th
TNITY,TRINITY WATTHANA PUBLIC COMPANY LIMITED,SET,Financials,Finance & Securities,"1 Park Silom, 22nd Floor, Convent Road, Silom, Bangrak Bangkok",10500,0-2088-9100,0-2088-9399,www.trinitythai.com
TNL,THANULUX PUBLIC COMPANY LIMITED,SET,Financials,Finance & Securities,"129/1 CHONGNONSI ROAD, CHONGNONSI, YAN NAWA, Bangkok",10120,0-2080-0649,-,www.tnl.co.th
TNP,THANAPIRIYA PUBLIC COMPANY LIMITED,mai,Services,-,"329 Moo.8, Ban du, Muang Chiang Rai Chiang Rai",57100,0-5377-6144,-,www.thanapiriya.co.th
TNPC,THAI NAM PLASTIC PUBLIC COMPANY LIMITED,SET,Industrials,Automotive,"40 MOO 7, PETCHAKASEM ROAD, K.M. 23, OMNOI, KRATHUM BAEN Samut Sakhon",74130,"0-2810-3000, 0-2420-9968-74","0-2810-3933, 0-2420-1827, 0-2420-9967",www.thainam.com
TNPF,TRINITY FREEHOLD AND LEASEHOLD PROPERTY FUND,SET,Property & Construction,Property Fund & REITs,"44 CIMB THAI Bank Building, 16th Floor, Langsuan Road, Lumpini, Pathumwan Bangkok",10330,0-2686-9500,0-2657-3167,www.cimb-principal.co.th
TNR,THAI NIPPON RUBBER INDUSTRY PUBLIC COMPANY LIMITED,SET,Consumer Products,Personal Products & Pharmaceuticals,"1 Charoenrat Road, Thung Wat Don, Sathon Bangkok",10120,0-2210-8888,0-2210-8821,www.tnrcondom.com
TOA,TOA PAINT (THAILAND) PUBLIC COMPANY LIMITED,SET,Property & Construction,Construction Materials,"31/2 Moo 3, Bangna-Trad Road, Bang Sao Thong Samut Prakarn",10570,0-2335-5555,0-2312-8919,www.toagroup.com
TOG,THAI OPTICAL GROUP PUBLIC COMPANY LIMITED,SET,Consumer Products,Personal Products & Pharmaceuticals,"15/5 MOO 6 BANGBUATHONG-SUPHANBURI ROAD, TAMBOL LAHARN, AMPHOE BANG BUA THONG Nonthaburi",11110,0-2440-0506-7,0-2862-0705,http://www.thaiopticalgroup.com
TOP,THAI OIL PUBLIC COMPANY LIMITED,SET,Resources,Energy & Utilities,"555/1 Energy Complex Building A, 11th Floor, Vibhavadi Rangsit Road, Chatuchak Bangkok",10900,"0-2797-2999, 0-2299-0000",0-2797-2970,www.thaioilgroup.com
TOPP,THAI O.P.P. PUBLIC COMPANY LIMITED,SET,Industrials,Packaging,"1741 JUN ROAD, THUNGMAHAMEK, SATHON Bangkok",10120,"0-2678-1051-5, 0-2285-4940","0-2285-4991, 0-2285-4942",www.topp.co.th
TPA,THAI POLY ACRYLIC PUBLIC COMPANY LIMITED,SET,Industrials,Petrochemicals & Chemicals,"60-61 MOO 9, BHUDDHAMONTHON 4 ROAD, SAM PHRAN, Nakorn Phathom",73220,"0-2429-2020, 0-2429-2487-8, 0-2889-8720-5","0-2429-2541, 0-2429-2534, 0-2888-5951",http://www.thaipolyacrylic.com
TPAC,THAI PLASPAC PUBLIC COMPANY LIMITED,SET,Industrials,Packaging,"77 Soi Thian Thalae 30 Bang Khun Thian- Chay Thalae road, Tha Kham, Bang Khun Thian Bangkok",10150,0-2897-2250-1,0-2897-2426,www.thaiplaspac.com
TPBI,TPBI PUBLIC COMPANY LIMITED,SET,Industrials,Packaging,"42/174 Moo 5 Soi Srisatian Niwes, Raiking, Sampran Nakorn Phathom",73210,0-2429-0354-7,"0-2429-0358, 0-2812-5030",www.tpbigroup.com
TPCH,TPC POWER HOLDING PUBLIC COMPANY LIMITED,mai,Resources,-,"4/2 Soi Prasert-Manukitch 29 Yak 8 Prasert-Manukitch Rd. Chorakhebua, Ladprao District Bangkok",10230,0-2943-2935-6,-,http://www.tpcpower.co.th
TPCS,TPCS PUBLIC COMPANY LIMITED,SET,Industrials,Industrial Materials & Machinery,"No. 489 Rama 3 Road, Bang Khlo, Bang Kho Laem Bangkok",10120,0-2294-0071,-,www.tpcsplc.com
TPIPL,TPI POLENE PUBLIC COMPANY LIMITED,SET,Property & Construction,Construction Materials,"26/56 NEW JUN ROAD, THUNGMAHAMEK, SATHON Bangkok",10120,"0-2213-1039-49, 0-2285-5090-9","0-2213-1035, 0-2213-1038",http://www.tpipolene.co.th
TPIPP,TPI POLENE POWER PUBLIC COMPANY LIMITED,SET,Resources,Energy & Utilities,"26/56 Chan Tat Mai Rd., Tungmahamek, Sathorn Bangkok",10120,"0-2285-5090-9, 0-2213-1039",0-2213-1035,www.tpipolenepower.co.th
TPL,Thai Parcels Public Company Limited,mai,Services,-,"1018 Luang Phaeng Rd, Thap Yao, Lat Krabang Bangkok",10520,0-2360-7788,0-2360-7525,www.thaiparcels.com
TPLAS,THAI PLASTIC INDUSTRIAL (1994) PUBLIC COMPANY LIMITED,mai,Industrial,-,"53/1 Moo 4 Kanjanapisek Rd., Bang MaeNang Sub-District, Bangyai District Nonthaburi",11140,0-2191-8288-9,0-2191-8290,http://www.tpic.co.th
TPOLY,THAI POLYCONS PUBLIC COMPANY LIMITED,SET,Property & Construction,Construction Services,"2,4 Soi Prasoet Manukit 29 Yak 8, Prasoet Manukit Rd., Chorakhebua, Ladprao Bangkok",10230,"0-2942-6491-6, 0-2943-2930-8",0-2942-6497-8,www.thaipolycons.co.th
TPP,THAI PACKAGING & PRINTING PUBLIC COMPANY LIMITED,SET,Industrials,Packaging,"9/9 MOO 6, KINGKAEW ROAD, RAJADHEWA, BANG PLEE, Samut Prakarn",10540,"0-2175-2201-8, 0-2175-2210-6","0-2175-2209, 0-2175-2218",www.tpppack.com
TPRIME,THAILAND PRIME PROPERTY FREEHOLD AND LEASEHOLD REAL ESTATE INVESTMENT TRUST,SET,Property & Construction,Property Fund & REITs,"388 Exchange Tower, 39th floor, unit 3903 Sukhumvit Road, Klongtoey, Klongtoey Bangkok",10110,0-2258-4515,0-2258-4519,www.tprimereit.com
TPS,THE PRACTICAL SOLUTION PUBLIC COMPANY LIMITED,mai,Technology,-,"No. 99 Soi Cement Thai, Ratchadapisek Road, Lad Yao, Chatuchak Bangkok",10900,0-2112-9999,0-2112-9998,https://www.thepractical.co.th
TQM,TQM ALPHA PUBLIC COMPANY LIMITED,SET,Financials,Insurance,"123 Lat Pla Khao Road, Chorakhe Bua, Lat Phrao Bangkok",10230,0-2119-8888,0-2119-9000,https://www.tqmalpha.com
TQR,TQR PUBLIC COMPANY LIMITED,mai,Financials,-,"46/7 Rungrojthanakul Building, 8th Floor, Ratchadaphisek Road, Huay Khwang Sub-district, Huay Khwang District Bangkok",10310,0-2150-8560,0-2150-8563,https://www.tqr.co.th
TR,THAI RAYON PUBLIC COMPANY LIMITED,SET,Consumer Products,Fashion,"MAHATUN PLAZA BLDG, FLOOR 16,888/160-161 PLOENCHIT ROAD, PATHUMWAN, Bangkok",10330,"0-2626-6377,0-2626-6383","0-2254-3181, 0-2254-5472",www.thairayon.com
TRC,TRC CONSTRUCTION PUBLIC COMPANY LIMITED,SET,Property & Construction,Construction Services,"No.8 Soi Sukhapiban 5 soi 32, Tha Raeng, Bang Khen District Bangkok",10220,0-2022-7777,0-2022-7788,www.trc-con.com
TRITN,TRITON HOLDING PUBLIC COMPANY LIMITED,SET,Property & Construction,Construction Services,60 Soi Praditmanutham 19 Praditmanutham Road Kwang Ladprao Khet Ladprao Bangkok,10230,0-2553-5000,0-2553-5091,www.triton.co.th
TRP,Aesthetic Connect Public Company Limited,mai,Services,-,"2 Charoen Nakhon Road, Khlong San, Khlong San Bangkok",10600,0-2438-4444,-,teerapornclinic.com
TRT,TIRATHAI PUBLIC COMPANY LIMITED,mai,Industrial,-,"BANGPOO INDUSTRIAL ESTATE, 516/1 MOO 4, AMPHOE MUEANG Samut Prakarn",10280,0-2769-7699,-,www.tirathai.co.th
TRU,THAI RUNG UNION CAR PUBLIC COMPANY LIMITED,SET,Industrials,Automotive,"304 Macharoen Road, Nong Khang Phlu, Nong Khaem Bangkok",10160,"0-2420-0076, 0-2431-0065, 0-2431-0071-2","0-2812-0844, 0-2420-3664, 0-2814-5030",http://www.thairung.co.th
TRUBB,THAI RUBBER LATEX GROUP PUBLIC COMPANY LIMITED,SET,Agro & Food Industry,Agribusiness,"99/1-3 BANGNA-TRAT ROAD,KM 7, BANGKAEW, BANG PLEE Samut Prakarn",10540,"0-2033-2333, 0-2033-2300-88",0-2033-2389-99,www.thaitex.com
TRUE,TRUE CORPORATION PUBLIC COMPANY LIMITED,SET,Technology,Information & Communication Technology,"18 True Tower, Ratchadaphisek Road, Huay Kwang Sub-District, Huay Kwang District Bangkok",10310,0-2859-1111,-,http://www.truecorp.co.th
TRV,T.R.V. RUBBER PRODUCTS PUBLIC COMPANY LIMITED,mai,Industrial,-,"40,88/8-9 Soi Ekkachai 76 Yak 1-3-1, Klong BangPhran, Bangbon Bangkok",10150,0-2451-1562-3,0-2451-2885,www.trvrubber.co.th
TSC,THAI STEEL CABLE PUBLIC COMPANY LIMITED,SET,Industrials,Automotive,"700/737 Moo. 1, Tambol Panthong, Amphur Panthong Chonburi",20160,0-3844-7200-205,-,www.tscpcl.com
TSE,THAI SOLAR ENERGY PUBLIC COMPANY LIMITED,SET,Resources,Energy & Utilities,"No. 725 S-Metro, 19th Floor, Sukhumvit Road, Klongton Nua, Wattana Bangkok",10110,0-2258-4530-3,0-2258-4534,http://www.thaisolarenergy.com
TSI,THE THAI SETAKIJ INSURANCE PUBLIC COMPANY LIMITED,SET,Financials,Insurance,"87 M. Thai Tower, All Seasons Place, 15th Floor, Unit No. 1 and 4-6, Wireless Road, Lumpini, Phatumwan Bangkok",10330,0-2853-8888,0-2853-8889,www.tsi.co.th
TSR,TSR LIVING SOLUTION PUBLIC COMPANY LIMITED,SET,Consumer Products,Home & Office Products,"43/9, Moo 7, Soi Chuchat Arnusorn 4, Bang Talad Sub-District, Pakkred District Nonthaburi",11120,0-2819-8899,0-2962-6675,https://www.tsrplc.com
TSTE,TSTE PUBLIC COMPANY LIMITED,SET,Services,Transportation & Logistics,"90 MOO 1,SOI SIAMSILO,POOCHAOSAMINGPRAI ROAD, PHRA PRADAENG Samut Prakarn",10130,0-2183-4567,"0-2183-4561, 0-2183-4562",www.tstegroup.com
TSTH,TATA STEEL (THAILAND) PUBLIC COMPANY LIMITED,SET,Industrials,Steel and Metal Products,"555 Rasa One (Building B), 20th Floor, Phaholyothin Road, Chatuchak, Chatuchak Bangkok",10900,0-2937-1000,0-2937-1223-4,www.tatasteelthailand.com
TTA,THORESEN THAI AGENCIES PUBLIC COMPANY LIMITED,SET,Services,Transportation & Logistics,"ORAKARN BLDG, 26/26-27 SOI CHIDLOM, PLOENCHIT ROAD, LUMPINI, PATHUM WAN Bangkok",10330,0-2250-0569-74,"0-2657-1038, 0-2655-5631",http://www.thoresen.com
TTB,TMBTHANACHART BANK PUBLIC COMPANY LIMITED,SET,Financials,Banking,"3000 PHAHOLYOTHIN ROAD, JOMPOL, CHATU CHAK Bangkok",10900,"0-2299-1111, 0-2617-9111",0-2299-2758,https://www.ttbbank.com
TTCL,TTCL PUBLIC COMPANY LIMITED,SET,Property & Construction,Construction Services,"159/41-44 SERM-MIT TOWER 27TH - 30TH FLOOR, SUKHUMVIT 21 (ASOKE), NORTH KLONGTOEY, WATTANA Bangkok",10110,0-2260-8505,0-2260-8525-6,www.ttcl.com
TTI,THAI TEXTILE INDUSTRY PUBLIC COMPANY LIMITED,SET,Consumer Products,Fashion,"385 SOI BANGMEKKHAO,SUKHUMVIT ROAD, AMPHOE MUEANG Samut Prakarn",10280,0-2703-8484,"0-2387-1983, 0-2387-0894",www.tti.co.th
TTLPF,TALAAD THAI LEASEHOLD PROPERTY FUND,SET,Property & Construction,Property Fund & REITs,"1 Empire Tower, 32nd Fl., South Sathorn Rd., Yannawa, Sathorn Bangkok",10120,0-2686-6100,0-2670-0430,-
TTT,TORAY TEXTILES (THAILAND) PUBLIC COMPANY LIMITED,SET,Consumer Products,Fashion,"5th Floor, Bubhajit Building, 20 North Sathorn Road, Silom, Bangrak Bangkok",10500,0-2266-6600-7,0-2238-3957-8,www.toray.co.th
TTW,TTW PUBLIC COMPANY LIMITED,SET,Resources,Energy & Utilities,"30/130 Moo 12, Buddha Monthon 5 Road, Rai Khing, Sam Pran Nakorn Phathom",73210,"0-2019-9490-3, 0-2019-9484-9",0-2420-6064,http://www.ttwplc.com
TU,THAI UNION GROUP PUBLIC COMPANY LIMITED,SET,Agro & Food Industry,Food & Beverage,"S.M.TOWER, FL M, 979/12 PHAHOLYOTHIN RD., PHAYATHAI, PHAYATHAI Bangkok",10400,"0-2298-0024, 0-2298-0537-41",0-2298-0553,thaiunion.com
TU-PF,T.U. DOME RESIDENTIAL COMPLEX LEASEHOLD PROPERTY FUND,SET,Property & Construction,Property Fund & REITs,"23A, 25 Floor, Asia Centre Building, 173/27-30, 32-33 South Sathon Road, Thungmahamek, Sathon Bangkok",10120,0-2786-2000,0-2786-2370-74,-
TURTLE,SUPER TURTLE PUBLIC COMPANY LIMITED,mai,Services,-,"333 Lao Peng Nguan 1 Tower, 24th Floor, Soi Choeiphuang, Vibhavadi-Rangsit Road, Chomphon, Chatuchak, Bangkok",10900,0-2091-5900,0-2091-5928,www.superturtle.co.th
TVDH,TVD HOLDINGS PUBLIC COMPANY LIMITED,mai,Services,-,"25 Watcharaphon Road, Tarang, Bangkhen Bangkok",10230,0-2666-0999,0-2666-0488,http://www.tvdirect.tv
TVH,THAIVIVAT HOLDINGS PUBLIC COMPANY LIMITED,SET,Financials,Insurance,"No. 71 , Dindaeng Road, Samsen Nai, Phayathai Bangkok",10400,"0-2200-7307-8,0-2200-7412",0-2248-4406,https://thaivivatholdings.com
TVO,THAI VEGETABLE OIL PUBLIC COMPANY LIMITED,SET,Agro & Food Industry,Food & Beverage,"149 RAJADAPISEK RD (THAPHRA-TAKSIN), BUKHALO, THON BURI Bangkok",10600,0-2477-9020,"0-2477-9880, 0-2477-9894",www.tvothai.com
TVT,TV THUNDER PUBLIC COMPANY LIMITED,mai,Services,-,"1213/309 - 310 Soi Lardprao 94 (Panjamit) Srivara Road, Phlapphla, Wangthonglang Bangkok",10310,0-2559-0022,0-2559-3609,http://www.tvthunder.co.th
TWP,THAI WIRE PRODUCTS PUBLIC COMPANY LIMITED,SET,Industrials,Steel and Metal Products,"101/88 Moo 20 Nava Nakorn Industrial Estate, Khlong Nueng, Khlong Luang Pathum Thani",12120,0-2520-3855-64,0-2520-3865-66,www.thaiwireproducts.com
TWPC,THAI WAH PUBLIC COMPANY LIMITED,SET,Agro & Food Industry,Food & Beverage,"No. 21/11, 21/13 Thai Wah Tower 1, 6th floor, South Sathorn Road, Tungmahamek, Sathorn Bangkok",10120,0-2285-0040,0-2285-0268,www.thaiwah.com
TWZ,TWZ CORPORATION PUBLIC COMPANY LIMITED,SET,Technology,Information & Communication Technology,"269 Ratchadapisek Rd., Ratchadapisek, Din Daeng Bangkok",10400,0-2275-9789,0-2275-9798,www.twz.co.th
TYCN,"TYCOONS WORLDWIDE GROUP (THAILAND) PUBLIC CO.,LTD.",SET,Industrials,Steel and Metal Products,"99 Moo 1, Tumbon Nikompattana, Amphur Nikompattana Rayong",21180,0-3365-8558,0-3863-6969,www.tycons.com
UAC,UAC GLOBAL PUBLIC COMPANY LIMITED,SET,Industrials,Petrochemicals & Chemicals,"NO.1 TP&T BUILDING, FL 19, SOI VIBHAVADI RANGSIT 19, VIBHAVADI RANGSIT ROAD, CHATUCHAK SUB-DISTRICT, CHATUCHAK DISTRICT, Bangkok",10900,0-2936-1701,0-2936-1700,www.uac.co.th
UBA,Utility Business Alliance Public Company Limited,mai,Services,-,"21st Floor, Suntowers Building A No.123 Vibhavadi Rangsit Road, Chom Phon, Chatuchak Bangkok",10900,0-2789-3232,0-2617-8130,www.uba.co.th
UBE,UBON BIO ETHANOL PUBLIC COMPANY LIMITED,SET,Resources,Energy & Utilities,"130-132 Sindhorn Tower 2, 7th Floor, Wireless Road, Lumpini, Pathumwan Bangkok",10330,0-2273-8666,0-2273-8668,www.ubonbioethanol.com
UBIS,UBIS (ASIA) PUBLIC COMPANY LIMITED,mai,Industrial,-,"238, 15th Floor, Unit 4-6, TRR Tower, Naradhiwas Rajanagarindra Road, Chong Nonsi, Yannawa Bangkok",10120,0-2683-0008,0-2294-2013,www.ubisasia.com
UEC,UNIMIT ENGINEERING PUBLIC COMPANY LIMITED,mai,Industrial,-,"109/92-95 MOO 19, SOI SUKSAWAT, 66 SUKSAWAT ROAD, AMPHOE PHRA PRADAENG Samut Prakarn",10130,0-2463-0100,0-2463-1910,www.unimit.com
UKEM,UNION PETROCHEMICAL PUBLIC COMPANY LIMITED,mai,Industrial,-,"UNION HOUSE BUILDING, 728 BOROMRATCHONNEE ROAD, BANGBUMRU, BANG PHALT Bangkok",10700,0-2881-8288,0-2433-7243-4,http://www.unionpetrochemical.com
UMI,THE UNION MOSAIC INDUSTRY PUBLIC COMPANY LIMITED,SET,Property & Construction,Construction Materials,"CHAMNAN PENCHAT BUSINESS CENTER BLDG, FLOOR 29, 65 RAMA IX ROAD, HUAI KHWANG Bangkok",10320,0-2248-7007-65,0-2248-7005-6,www.umi-tiles.com
UMS,UNIQUE MINING SERVICES PUBLIC COMPANY LIMITED,mai,Resources,-,"26/23 Orakarn Building, 7th Floor, Soi Chidlom, Ploenchit Road, Lumpinee, Pathumwan Bangkok",10330,0-2655-7501-2,0-2655-7501-2,www.umspcl.com
UNIQ,UNIQUE ENGINEERING AND CONSTRUCTION PUBLIC COMPANY LIMITED,SET,Property & Construction,Construction Services,"JASMINE INTERNATIONAL TOWER, FLOOR 15, 200 MOO 4, CHAENGWATTANA ROAD, PAK KRET Nonthaburi",11120,0-2582-1888,0-2582-3196,http://www.unique.co.th
UOBKH,UOB KAY HIAN SECURITIES (THAILAND) PUBLIC COMPANY LIMITED,SET,Financials,Finance & Securities,"130-132 Sindhorn Tower 1, 2nd, 3rd Floor, Wireless Road, Lumpini, Pathumwan Bangkok",10330,0-2659-8000,0-2263-2807,https://www.utrade.co.th/
UP,UNION PLASTIC PUBLIC COMPANY LIMITED,SET,Industrials,Petrochemicals & Chemicals,"NG.11 MOO 14, BANGCHAN INDUSTRIAL ESTATE, MIN BURI Bangkok",10510,0-2517-0109-14,0-2517-0529,www.unionplastic.co.th
UPF,UNION PIONEER PUBLIC COMPANY LIMITED,SET,Consumer Products,Fashion,"No. 1 Soi Serithai 62, Khwaeng Minburi, Khet Minburi Bangkok",10510,0-2517-0105-8,"0-2517-0345, 0-2517-9056",www.unionpioneer.co.th
UPOIC,UNITED PALM OIL INDUSTRY PUBLIC COMPANY LIMITED,SET,Agro & Food Industry,Agribusiness,"64, 1st Floor, Soi Bangna-Trad 25, BANG NA Bangkok",10260,0-2744-1046-8,0-2744-1049,www.upoic.co.th
UREKA,EUREKA DESIGN PUBLIC COMPANY LIMITED,mai,Industrial,-,"19 Moo 11, Tambon Ladsawai, Amphoe Lamlukka Pathum Thani",12150,0-2192-3737,0-2192-3743-44,http://www.eurekadesign.co.th
UTP,UNITED PAPER PUBLIC COMPANY LIMITED,SET,Industrials,Paper & Printing Materials,"No.17, Soi Supa Ruam, Wong Sawang Sub-district, Bang Sue District Bangkok",10800,0-2910-2700-8,0-2910-2709,www.unitedpaper.co.th
UV,UNIVENTURES PUBLIC COMPANY LIMITED,SET,Property & Construction,Property Development,"22nd FLOOR, PARK VENTURES ECOPLEX 57 WIRELESS ROAD, LUMPINI, PATUMWAN Bangkok",10330,0-2643-7100,0-2256-0505,www.univentures.co.th
UVAN,UNIVANICH PALM OIL PUBLIC COMPANY LIMITED,SET,Agro & Food Industry,Agribusiness,"No. 258 Aoluk-Laemsak Rd., Tambon Aoluk Tai Amphoe Aoluk, Krabi",81110,"0-7568-1116,0-7568-1126",-,www.univanich.com
VARO,VAROPAKORN PUBLIC COMPANY LIMITED,SET,Industrials,Industrial Materials & Machinery,"181 SOI AMON, NANGLINJI ROAD, CHONGNONSI, YAN NAWA Bangkok",10120,"0-2213-2514-7, 0-2231-2544",0-2287-2031,http://www.varopakorn.com
VCOM,VINTCOM TECHNOLOGY PUBLIC COMPANY LIMITED,mai,Technology,-,"159/21 Sermmitr Tower, 14th Floor, Room 1401, Sukhumvit 21 (Asok) Road, Khlong Toei Nua, Watthana Bangkok",10110,0-2661-7979,0-2661-7969,www.vintcom.co.th
VGI,VGI PUBLIC COMPANY LIMITED,SET,Services,Media & Publishing,"1000/9, BTS Visionary Park - South Tower, 27th Floor, Phahonyothin Road, Chomphon Sub-district, Chatuchak District Bangkok",10900,0-2273-8884,0-2273-8883,www.vgi.co.th
VIBHA,VIBHAVADI MEDICAL CENTER PUBLIC COMPANY LIMITED,SET,Services,Health Care Services,"51/3 NGAMWONGWAN RD., LATYAO, JATUJAK Bangkok",10900,"0-2579-9680-4, 0-2561-1258-67, 0-2941-2800","0-2561-1466, 0-2561-1462",http://www.vibhavadi.com
VIH,SRIVICHAIVEJVIVAT PUBLIC COMPANY LIMITED,SET,Services,Health Care Services,"74/5 Moo 4 Phetkasem Road, Omnoi Subdistrict, Krathumbaen District Samut Sakhon",74130,"0-2431-0070,1792",0-2431-1404,http://www.vichaivej.com
VL,V.L. ENTERPRISE PUBLIC COMPANY LIMITED,mai,Services,-,"41 Asoke-Dindaeng Road., Makkasan Rachadewee Bangkok",10400,0-2254-6604,0-2254-8749,www.vltanker.com
VNG,VANACHAI GROUP PUBLIC COMPANY LIMITED,SET,Property & Construction,Construction Materials,"2/1 WONGSAWANG ROAD, WONGSAWANG, BANGSUE Bangkok",10800,"0-2585-4900-3, 0-2913-2180-9",0-2587-9556,www.vanachai.com
VPO,VICHITBHAN PALMOIL PUBLIC COMPANY LIMITED,SET,Agro & Food Industry,Agribusiness,"2044 Chavananand Building, Petchburi Road, Bang Kapi, Huai Khwang Bangkok",10240,0-2314-4101-5,0-2319-7989,www.vcbpalmoil.com
VRANDA,VERANDA RESORT PUBLIC COMPANY LIMITED,SET,Services,Tourism & Leisure,"555 Rasa Tower Building Floor 27 Unit 2701-2704, Phaholyothin Road, Chatuchak Bangkok",10900,0-2513-3003,0-2513-6844,https://www.verandaresort.com/
VS,VISERVE ENTERPRISE PUBLIC COMPANY LIMITED,mai,Services,-,"No. 1252, True Tower 2, Building 1, 14th-15th Floors, Phatthanakan Road, Suan Luang Subdistrict, Suan Luang District Bangkok",10250,0-2765-3999,-,www.gsc-servicecenter.com
WACOAL,THAI WACOAL PUBLIC COMPANY LIMITED,SET,Consumer Products,Fashion,"132 Soi Charoenrat 7, BANGKHLO, BANG KHO LAEM Bangkok",10120,"0-2289-3100-9, 0-2689-8300",0-2291-1788,www.wacoal.co.th
WARRIX,Warrix Sport Public Company Limited,mai,Consumer Products,-,"849/6-8 Rama 6 Rd. Wangmai Sub-District, Pathumwan District Bangkok",10330,0-2117-1300,-,www.warrix.co.th
WAVE,WAVE EXPONENTIAL PUBLIC COMPANY LIMITED,SET,Services,Professional Services,"2445/19,21 Tararom Business Tower, 14th Floor, New Petchburi Road, Bangkapi Sub-district, Huaykhwang District Bangkok",10310,0-2665-6705,-,http://www.wave-groups.com
WELL,WELL MANAGEMENT CORPORATION PUBLIC COMPANY LIMITED,mai,Property & Construction,-,"36/1, Ramkhamhaeng 40 (Serm mirth) Alley, Hua Mak, Bang Kapi Bangkok",10240,0-2121-7819,-,http://www.wellmanagement.co.th
WFX,WORLD FLEX PUBLIC COMPANY LIMITED,SET,Consumer Products,Fashion,"1/7 Bangna Thani Bldg 3Fl. Room 3B Soi Bangna-Trad 34, Bangna Tai, Bangna Bangkok",10260,0-2398-7188,0-2398-7187,https://www.worldflex.net/
WGE,WELL GRADED ENGINEERING PUBLIC COMPANY LIMITED,SET,Property & Construction,Construction Services,"50/1203 Moo 9, Bang Phut Sub-district, Pak kret District Nonthaburi",11120,0-2981-7992?4,"0-2981-7995, 0-2981-7970",www.well-graded.com
WHA,WHA CORPORATION PUBLIC COMPANY LIMITED,SET,Property & Construction,Property Development,"777 WHA TOWER, 23rd- 25th Floor, Moo. 13, Debaratna Road (Bangna-Trad) KM.7, Bang Kaeo, Bang Phli Samut Prakarn",10540,0-2753-3750,0-2753-2750,https://www.wha-group.com
WHABT,WHA BUSINESS COMPLEX FREEHOLD AND LEASEHOLD REAL ESTATE INVESTMENT TRUST,SET,Property & Construction,Property Fund & REITs,"777 WHA TOWER, 22nd Floor, Room 2206, Moo 13, Debaratna Road (Bangna-Trad) KM.7, Bang Kaeo, Bang Phli Samut Prakarn",10540,0-2753-3159,0-2753-3527,www.whabt.com
WHAIR,WHA INDUSTRIAL LEASEHOLD REAL ESTATE INVESTMENT TRUST,SET,Property & Construction,Property Fund & REITs,"No. 777,22nd Floor, WHA Tower, Moo 13 Debaratana Road (Bangna-Trad) Km. 7 Bangkaew, Bangplee Samut Prakarn",10540,0-2719-9557,0-2719-9553,www.hemarajreit.com
WHART,WHA PREMIUM GROWTH FREEHOLD AND LEASEHOLD REAL ESTATE INVESTMENT TRUST,SET,Property & Construction,Property Fund & REITs,"777 WHA TOWER, 22nd Floor, Room 2206, Moo 13, Debaratna Road (Bangna-Trad) KM.7, Bang Kaeo, Bang Phli Samut Prakarn",10540,0-2753-3159,0-2753-3527,www.whareit.com
WHAUP,WHA UTILITIES AND POWER PUBLIC COMPANY LIMITED,SET,Resources,Energy & Utilities,"777 WHA TOWER, 22nd Floor, Unit 2203-2205, Moo 13, Debaratna Road (Bangna-Trad) KM.7, Bang Kaeo, Bang Phli Samut Prakarn",10540,0-2719-9559,0-2719-9558,www.wha-up.com
WICE,WICE LOGISTICS PUBLIC COMPANY LIMITED,SET,Services,Transportation & Logistics,"WICE PLACE Building No.88/8 Nonsi Road, Chong Nonsi, Yan Nawa Bangkok",10120,0-2681-6181,0-2681-6173-75,www.wice.co.th
WIIK,WIIK PUBLIC COMPANY LIMITED,SET,Property & Construction,Construction Materials,"90 CW Tower B, 21st Floor, Ratchadapisek Rd., Huaykwang Sub-District, Huaykwang District Bangkok",10310,0-2612-8600,0-2645-2828-9,www.wiik.co.th
WIN,WYNCOAST INDUSTRIAL PARK PUBLIC COMPANY LIMITED,SET,Property & Construction,Property Development,"105 MOO 3, BANGNA-TRAD ROAD KM.52, THAKHAM, BANG PAKONG Chacherngsao",24130,0-3857-3162-3,0-3857-3218,www.wyncoast.com
WINDOW,Window Asia Public Company Limited,SET,Property & Construction,Construction Materials,"15/1, Moo 1 , Rama II Road, Bangnamjeud, Muang, Samutsakorn Samut Sakhon",74000,02-123-1734-5,02-123-7333,http://windowasia.com
WINMED,WINNERGY MEDICAL PUBLIC COMPANY LIMITED,mai,Consumer Products,-,"634/4, Soi Ramkhamhaeng 39 (Theplila 1), Pracha Uthit Rd., Wang Thong Lang Bangkok",10310,0-2725-0888,0-2725-0880,http://www.winnergymedical.co.th
WINNER,WINNER GROUP ENTERPRISE PUBLIC COMPANY LIMITED,mai,Agro & Food Industry,-,"43 Thai CC Tower 21st Floor, Room 214-219, South Sathorn Road, Yannawa, Sathorn Bangkok",10120,0-2675-6525,0-2675-6544,www.winnergroup.co.th
WORK,WORKPOINT ENTERTAINMENT PUBLIC COMPANY LIMITED,SET,Services,Media & Publishing,"99 MOO 2, TAMBOL BANGPOON, AMPHOE MUEANG Pathum Thani",12000,0-2833-2000,0-2833-2999,http://www.workpoint.co.th
WP,WP ENERGY PUBLIC COMPANY LIMITED,SET,Resources,Energy & Utilities,"1 Eastwater Building, 15/F Vibhavadi Rangsit Soi 5, Vibhavadi Rangsit Road, Chom Pon Sub-district, Chatuchak District Bangkok",10900,0-2272-3322,0-2272-0655,www.wp-energy.co.th
WPH,WATTANAPAT HOSPITAL TRANG PUBLIC COMPANY LIMITED,SET,Services,Health Care Services,"247/2 Phatalung Road, Tambon Thap Thiang, Amphoe Muang Trang",92000,0-7520-5555,0-7520-5460,http://www.wattanapat.co.th/
WSOL,WSOL PUBLIC COMPANY LIMITED,SET,Services,Commerce,"238 Bang Khun Thian - Chai Thale Road, Samae Dam Subdistrict, Bang Khun Thian District Bangkok",10150,0-2451-5335,0-2451-5338,https://wsol.co.th
XBIO,X BIOSCIENCE PUBLIC COMPANY LIMITED,SET,Agro & Food Industry,Food & Beverage,"No.304 Vanit Place Aree Tower (Tower A), Room No.1803-1806,18 Floor, Phahon Yothin Road, Sam Sen Nai, Phaya thai Bangkok",10400,0-2278-5456,-,http://www.xbio.co.th
XO,EXOTIC FOOD PUBLIC COMPANY LIMITED,mai,Agro & Food Industry,-,"130 ? 132 Sindhorn, Tower 2, 9th Floor, Wireless Road, Lumpini Sub-district, Pathum Wan District Bangkok",10330,0-2650-7779,-,www.exoticfoodthailand.com
XPG,XSPRING CAPITAL PUBLIC COMPANY LIMITED,SET,Financials,Finance & Securities,"59 Siri Campus, Building D, 2nd Floor, Soi Rim Khlong Phra Khanong, Phra Khanong Nuea Sub-district, Vadhana District Bangkok",10110,0-2030-3730,-,www.xspringcapital.com
XYZ,RSXYZ PUBLIC COMPANY LIMITED,SET,Technology,Information & Communication Technology,"27 RS Group Building, Tower A, Floor 9, Prasert-Manukitch Road, Sena Nikhom, Chatuchak, Bangkok Bangkok",10170,0-2037-8122,-,www.giftinfinite.co.th
YGG,YGGDRAZIL GROUP PUBLIC COMPANY LIMITED,mai,Services,-,"348 Soi Ladprao 94 (Punjamitr), Pubphla, Wangthonglang Bangkok",10310,0-2934-4364,0-2934-4560,http://www.ygg-cg.com
YONG,Yong Concrete Public Company Limited,mai,Property & Construction,-,"148/9, Moo 3, Wangkanai Sub-district, Thamuang District Kanchanaburi",71110,0-3451-0561-65,0-3451-0561 ext. 501,www.yongconcrete.co.th
YUASA,YUASA BATTERY (THAILAND) PUBLIC COMPANY LIMITED,mai,Industrial,-,"164 Moo 5 Soi Thedsaban 55, Sukhumvit Road Tambol Taibanmai, Amphur Muangsamutprakan Samut Prakarn",10280,0-2769-7300,0-2769-7349,www.yuasathai.com
ZAA,ZALEKTA PUBLIC COMPANY LIMITED,SET,Services,Media & Publishing,"29 Vanissa Building Tower B, 15th Floor, Chidlom Road, Lumphini Sub-District, Pathum Wan District Bangkok",10330,0-2254-5662,0-2254-5662,www.zalekta.com
ZEN,ZEN CORPORATION GROUP PUBLIC COMPANY LIMITED,SET,Agro & Food Industry,Food & Beverage,"No.662 Soi Onnuch 17, Suan Luang Sub District, Suan Luang District Bangkok",10250,0-2019-5000 Ext.982,0-2030-5322,www.zengroup.co.th
ZIGA,ZIGA INNOVATION PUBLIC COMPANY LIMITED,mai,Industrial,-,"No. 8 Moo. 10, Nai Klong Bang Plakod Subdistrict, Phasamudjadee District, Samut Prakarn",10290,0-2096-5977,-,www.ziga.co.th
